K,N,epsilon,realization,channel_seed,faa_energy_W,fpa_energy_W,faa_energy_dBm,fpa_energy_dBm,faa_energy_saving_pct,faa_iterations,fpa_iterations,faa_converged,fpa_converged,faa_monotone,fpa_monotone,faa_wins,fpa_wins,tie,same_physical_channel
4,4,0.08,1,20664821,0.0002624402792255025,0.00036960578425314925,-5.809695088432916,-4.3226124078102215,28.994542183421917,7,12,1,1,1,1,1,0,0,1
4,4,0.08,2,20664822,0.0010604325415062706,0.0013947340556125858,0.25483046465582704,1.444914053223771,23.968835690291186,6,18,1,1,1,1,1,0,0,1
4,4,0.08,3,20664823,0.0004808176528923243,0.0008030643902629125,-3.1801959588678903,-0.9524963129075708,40.12713566655457,10,25,1,0,1,1,1,0,0,1
4,4,0.08,4,20664824,0.0005865839189573999,0.0019144947177325755,-2.31669847260333,2.8205417242684607,69.3609016768603,13,17,1,1,1,1,1,0,0,1
4,4,0.08,5,20664825,0.0004460264307475865,0.0010549389775620505,-3.506394049925263,0.23227338804755718,57.7201676841681,7,19,1,1,1,1,1,0,0,1
4,4,0.08,6,20664826,0.00018354215053803736,0.0004147106650213304,-7.362641840333822,-3.822547958384038,55.7421195018949,5,16,1,1,1,1,1,0,0,1
4,4,0.08,7,20664827,0.00022138065914240943,0.0003936938450919066,-6.548603238124527,-4.04841374804681,43.76832101839722,7,15,1,1,1,1,1,0,0,1
4,4,0.08,8,20664828,0.00025403069720188615,0.0004527412155263869,-5.951137998373206,-3.441499674864115,43.89052984572361,8,19,1,1,1,1,1,0,0,1
4,4,0.08,9,20664829,0.0003316905571498285,0.0007901864028387022,-4.792668921708929,-1.022704477283863,58.023757943917026,8,25,1,0,1,1,1,0,0,1
4,4,0.08,10,20664830,0.0005104486102670317,0.0007132683224493732,-2.9204797424478923,-1.4674706336320607,28.435261429507452,6,20,1,1,1,1,1,0,0,1
4,4,0.08,11,20664831,0.0005237008867037653,0.0013482832934907428,-2.809166907725138,1.297811532329902,61.15794883522667,9,24,1,1,1,1,1,0,0,1
4,4,0.08,12,20664832,0.0002337148567317127,0.0004463505265730731,-6.313136795995501,-3.503239485396214,47.63871826788342,5,25,1,0,1,1,1,0,0,1
4,4,0.08,13,20664833,0.0004646800051841922,0.0006072471448096847,-3.328460144696885,-2.166345185093511,23.477613825615276,8,17,1,1,1,1,1,0,0,1
4,4,0.08,14,20664834,0.00029430234469196364,0.0005202709895617152,-5.312062778843332,-2.837703897959139,43.43287429116723,6,15,1,1,1,1,1,0,0,1
4,4,0.08,15,20664835,0.0005378162754468228,0.0011052732043160566,-2.6936605925330253,0.43469641334649434,51.34087451440355,8,25,1,0,1,1,1,0,0,1
4,4,0.08,16,20664836,0.0005602077952342761,0.0007840598359335142,-2.5165085230702893,-1.056507926419186,28.550377208483877,6,24,1,1,1,1,1,0,0,1
4,4,0.08,17,20664837,0.0004580856809637355,0.000742572355045166,-3.3905328337263474,-1.2926122299946208,38.31097025745416,8,25,1,0,1,1,1,0,0,1
4,4,0.08,18,20664838,0.0002133791131620299,0.000379878198856259,-6.708480942012603,-4.203556298148702,43.82959753824414,5,13,1,1,1,1,1,0,0,1
4,4,0.08,19,20664839,0.0002461412306353246,0.00047604994831351564,-6.088156323857643,-3.2234747765997467,48.29508300393269,4,11,1,1,1,1,1,0,0,1
4,4,0.08,20,20664840,0.00060228790683776,0.0007668177818667906,-2.2019585681340734,-1.153078247492639,21.45618932159978,8,19,1,1,1,1,1,0,0,1
4,4,0.08,21,20664841,0.00034639832532444456,0.000646812797029695,-4.604242162624011,-1.8922139627274484,46.44535066170908,6,25,1,0,1,1,1,0,0,1
4,4,0.08,22,20664842,0.00020744685509899537,0.00043611896809135647,-6.830931447034356,-3.6039502417669027,52.43342521723563,6,17,1,1,1,1,1,0,0,1
4,4,0.08,23,20664843,0.0006616423352604778,0.0010431899879688286,-1.7937671418436594,0.18363410260203017,36.57508767422639,12,25,1,0,1,1,1,0,0,1
4,4,0.08,24,20664844,0.00038735249383223936,0.0006521618858534735,-4.118936436366044,-1.856445861605496,40.60485559880312,23,17,1,1,1,1,1,0,0,1
4,4,0.08,25,20664845,0.0003255629478382024,0.0003336822130566924,-4.8736502781558295,-4.766669428124215,2.433232848737585,9,16,1,1,1,1,1,0,0,1
4,4,0.08,26,20664846,0.0008767065839403118,0.0011923739342975834,-0.5714573194433967,0.7641247363830437,26.47385532989098,10,25,1,0,1,1,1,0,0,1
4,4,0.08,27,20664847,0.0002569162426245894,0.0005219052544683469,-5.90208438126642,-2.8240833070705924,50.77339413141104,6,13,1,1,1,1,1,0,0,1
4,4,0.08,28,20664848,0.00036079404853481696,0.0006454149575318156,-4.427406349599349,-1.9016097401383438,44.098901904201426,13,25,1,0,1,1,1,0,0,1
4,4,0.08,29,20664849,0.00038258114559896507,0.0010038287920574804,-4.172764367240276,0.01659648062874169,61.8878090939378,7,18,1,1,1,1,1,0,0,1
4,4,0.08,30,20664850,0.00029879796569610306,0.0008431526061736518,-5.24622363650362,-0.7409381325075647,64.56181674488425,13,14,1,1,1,1,1,0,0,1
4,4,0.08,31,20664851,0.00037213976276498974,0.0006642238142819537,-4.2929392356402625,-1.776855577863559,43.97373976010116,9,21,1,1,1,1,1,0,0,1
4,4,0.08,32,20664852,0.000433655741152218,0.000743619724630204,-3.628548996271181,-1.2864909901788653,41.683130935254376,11,17,1,1,1,1,1,0,0,1
4,4,0.08,33,20664853,0.00030582661333237435,0.0004999701252527183,-5.1452472454670275,-3.010559453150136,38.83102251803763,6,25,1,0,1,1,1,0,0,1
4,4,0.08,34,20664854,0.00037360626974612877,0.0005738494309301645,-4.275858441836494,-2.4120204470002533,34.89472157521484,11,24,1,1,1,1,1,0,0,1
4,4,0.08,35,20664855,0.000565552673686781,0.0009135730728004172,-2.475269401175084,-0.39256709565097975,38.094423913659504,7,18,1,1,1,1,1,0,0,1
4,4,0.08,36,20664856,0.0005353943061153342,0.0008617420059375063,-2.7132625181894063,-0.6462273669092532,37.87069651631198,11,17,1,1,1,1,1,0,0,1
4,4,0.08,37,20664857,0.000423301281350934,0.0007106863667746186,-3.7335041689618165,-1.4832201562742409,40.43768093201985,6,19,1,1,1,1,1,0,0,1
4,4,0.08,38,20664858,0.0006033423690203985,0.0010877403870152029,-2.1943617578476244,0.3652525387263802,44.532502771549126,6,13,1,1,1,1,1,0,0,1
4,4,0.08,39,20664859,0.0003888937649663038,0.0005907119941786917,-4.101690197284356,-2.2862421087112237,34.16524993588287,7,17,1,1,1,1,1,0,0,1
4,4,0.08,40,20664860,0.000505619412813515,0.000732214965681918,-2.961762600501618,-1.3536139885430614,30.946588568750794,9,25,1,0,1,1,1,0,0,1
4,4,0.08,41,20664861,0.0004326203769441566,0.0009126958632574916,-3.6389302861863633,-0.3967391788063356,52.59972194898566,4,25,1,0,1,1,1,0,0,1
4,4,0.08,42,20664862,0.00043567832218751695,0.0006052896414843438,-3.608340484841559,-2.1803675824453266,28.021513614687215,4,25,1,0,1,1,1,0,0,1
4,4,0.08,43,20664863,0.00027041936949071915,0.0004150615339872207,-5.679622041443756,-3.818875131913803,34.848366483644064,7,15,1,1,1,1,1,0,0,1
4,4,0.08,44,20664864,0.000665965609536146,0.0009977671426381692,-1.7654819721755506,-0.009708018659578033,33.25440565468168,12,19,1,1,1,1,1,0,0,1
4,4,0.08,45,20664865,0.0006734487768746438,0.001358327637852906,-1.7169543151737132,1.330045373593462,50.420741056321496,6,20,1,1,1,1,1,0,0,1
4,4,0.08,46,20664866,0.0011952898451768428,0.002930958545719877,0.7747322988466889,4.6700967599816785,59.21846636410663,25,18,0,1,1,1,1,0,0,1
4,4,0.08,47,20664867,0.0005921622708015632,0.0015639982360808554,-2.2755926682965537,1.9423625891514447,62.137919523142635,6,25,1,0,1,1,1,0,0,1
4,4,0.08,48,20664868,0.0002591441832538104,0.00035622670565106944,-5.864585348820378,-4.482735254057914,27.253016367715325,5,13,1,1,1,1,1,0,0,1
4,4,0.08,49,20664869,0.0002307014768219299,0.00029338659581649133,-6.3694962535943525,-5.3255973199209805,21.36604735472304,6,13,1,1,1,1,1,0,0,1
4,4,0.08,50,20664870,0.0006822482654700213,0.0012842680982029873,-1.6605755979548769,1.0865569461775488,46.87649203272608,6,16,1,1,1,1,1,0,0,1
4,6,0.08,1,20666821,0.0001756449405727594,0.0002684576620057172,-7.553643554818507,-5.711241963968988,34.57257309757142,5,23,1,1,1,1,1,0,0,1
4,6,0.08,2,20666822,0.0002394307464934272,0.0005204386489817547,-6.208200804332341,-2.8363045919683905,53.99443393339894,5,25,1,0,1,1,1,0,0,1
4,6,0.08,3,20666823,0.00028000176637307415,0.00044161920691419105,-5.528392289304258,-3.549520465210416,36.59656056864393,6,25,1,0,1,1,1,0,0,1
4,6,0.08,4,20666824,0.0003951129816905252,0.0009108251061250805,-4.0327870106028545,-0.4056500693116926,56.62032381041266,7,25,1,0,1,1,1,0,0,1
4,6,0.08,5,20666825,0.00026510244557109616,0.0003401339611234759,-5.765862658801347,-4.683500031976006,22.059401332506663,7,25,1,0,1,1,1,0,0,1
4,6,0.08,6,20666826,0.0014523809583007717,0.0025958717014401204,1.620805463830253,4.142832240553316,44.050356668435136,19,25,1,0,1,1,1,0,0,1
4,6,0.08,7,20666827,0.000607844227527058,0.0013793544244774124,-2.1620770328183845,1.3967587228003477,55.93270179581667,12,21,1,1,1,1,1,0,0,1
4,6,0.08,8,20666828,0.0005660105560334097,0.0010316074393692855,-2.471754691928049,0.13514465363321276,45.13314518365019,6,13,1,1,1,1,1,0,0,1
4,6,0.08,9,20666829,0.0002069667067385609,0.00022878097638506065,-6.840995107876708,-6.4058009086887155,9.535001550908769,8,17,1,1,1,1,1,0,0,1
4,6,0.08,10,20666830,0.00019152646222898233,0.00033633756177158246,-7.177712133085892,-4.732246284950757,43.055286117863325,4,19,1,1,1,1,1,0,0,1
4,6,0.08,11,20666831,0.00027772983284704957,0.00041094570085501667,-5.563774672250061,-3.862155586030746,32.41690270291116,17,18,1,1,1,1,1,0,0,1
4,6,0.08,12,20666832,0.0006748560146328409,0.0007609722394168916,-1.7078887712569837,-1.1863118618338846,11.316605300876525,13,15,1,1,1,1,1,0,0,1
4,6,0.08,13,20666833,0.0003508158360733739,0.0005656038557549209,-4.549208105053958,-2.474876385899088,37.974992124985754,6,13,1,1,1,1,1,0,0,1
4,6,0.08,14,20666834,0.0006770506464639054,0.0010340665047645057,-1.6937884289964056,0.14548470792206453,34.52542526574784,5,10,1,1,1,1,1,0,0,1
4,6,0.08,15,20666835,0.00030237533422567233,0.00032628242176754337,-5.194536385894356,-4.864063228869504,7.327114777547961,11,18,1,1,1,1,1,0,0,1
4,6,0.08,16,20666836,0.00023134866331760053,0.00046858765144526255,-6.357330054161575,-3.2920916042502473,50.628518996594764,6,22,1,1,1,1,1,0,0,1
4,6,0.08,17,20666837,0.00039952661611775863,0.0005727858707651407,-3.9845428306330484,-2.4200770355707144,30.248521042591065,6,17,1,1,1,1,1,0,0,1
4,6,0.08,18,20666838,0.0001430718625530156,0.00024178191085364438,-8.444457690320323,-6.165761944194776,40.826068398632195,4,13,1,1,1,1,1,0,0,1
4,6,0.08,19,20666839,0.00039986696479610913,0.0005784847213641304,-3.980844738344316,-2.3770810691944706,30.876832174032366,6,16,1,1,1,1,1,0,0,1
4,6,0.08,20,20666840,0.0004935276540526795,0.0008974063288334618,-3.0668850729830837,-0.4701087199064535,45.00510658374607,8,18,1,1,1,1,1,0,0,1
4,6,0.08,21,20666841,0.0002130758213348644,0.00029833397529342395,-6.714658288245314,-5.252972848805383,28.578090669929427,13,24,1,1,1,1,1,0,0,1
4,6,0.08,22,20666842,0.0006174596789986779,0.001490898554441861,-2.0939139719399606,1.7344809365756992,58.58472884294715,12,25,1,0,1,1,1,0,0,1
4,6,0.08,23,20666843,0.000286165229947851,0.00031233803742271727,-5.433831356325815,-5.053751229204305,8.379641394571502,5,22,1,1,1,1,1,0,0,1
4,6,0.08,24,20666844,0.0002637826957099063,0.000401639581092797,-5.787536978123783,-3.961634945603922,34.32353081531561,10,25,1,0,1,1,1,0,0,1
4,6,0.08,25,20666845,0.0004042693790939112,0.000667985770637796,-3.9332915254258527,-1.7523278872101977,39.47934269499291,12,25,1,0,1,1,1,0,0,1
4,6,0.08,26,20666846,0.00022032902585227923,0.0005356091698322971,-6.569282857039421,-2.7115199630999824,58.863843589297446,10,25,1,0,1,1,1,0,0,1
4,6,0.08,27,20666847,0.00026175723703186586,0.00031729051663463066,-5.821013021627567,-4.9854290815423115,17.5023445994489,13,18,1,1,1,1,1,0,0,1
4,6,0.08,28,20666848,0.0001984138673505342,0.0003307757580588257,-7.024279778302733,-4.804663265894642,40.0155959085587,7,20,1,1,1,1,1,0,0,1
4,6,0.08,29,20666849,0.0006730842910755632,0.0006620132279760867,-1.7193054520140412,-1.7913333264545748,-1.6723326108336276,8,12,1,1,1,1,0,1,0,1
4,6,0.08,30,20666850,0.0008117770930463215,0.0014094033932145358,-0.9056320788931891,1.4903531274985091,42.40278567835441,10,25,1,0,1,1,1,0,0,1
4,6,0.08,31,20666851,0.0003199862537848973,0.0007422608941232591,-4.948686780350759,-1.2944341956836614,56.89032571723215,12,18,1,1,1,1,1,0,0,1
4,6,0.08,32,20666852,0.00015151320694701943,0.0002665389283837248,-8.195495093780188,-5.742393526877633,43.15531773696775,5,25,1,0,1,1,1,0,0,1
4,6,0.08,33,20666853,0.0006748095222546167,0.0008776368070945355,-1.7081879769900998,-0.5668517123228775,23.110617421731618,8,19,1,1,1,1,1,0,0,1
4,6,0.08,34,20666854,0.00021603895643228604,0.0003881584098159037,-6.654679292282552,-4.109910000014663,44.34257999594823,7,17,1,1,1,1,1,0,0,1
4,6,0.08,35,20666855,0.0003228207581991145,0.00041553910253075877,-4.9103854680785375,-3.813881025313695,22.312784468889088,5,16,1,1,1,1,1,0,0,1
4,6,0.08,36,20666856,0.000475761507900446,0.0008164199314537183,-3.2261069803365467,-0.8808640129219526,41.72588277538687,18,25,1,0,1,1,1,0,0,1
4,6,0.08,37,20666857,0.00025601963316366344,0.0003686168660685016,-5.917267290330807,-4.334247975138386,30.545871138710655,11,20,1,1,1,1,1,0,0,1
4,6,0.08,38,20666858,0.0004310174712727622,0.0005442225040775288,-3.6550512537623527,-2.642235037274867,20.801240661051317,9,18,1,1,1,1,1,0,0,1
4,6,0.08,39,20666859,0.0005506041876512155,0.0008925888877356338,-2.591604898789417,-0.49348524200772936,38.31379762658518,9,23,1,1,1,1,1,0,0,1
4,6,0.08,40,20666860,0.00035295020867203857,0.0004839187257141905,-4.522865570036337,-3.1522757211126953,27.064155628377954,6,25,1,0,1,1,1,0,0,1
4,6,0.08,41,20666861,0.0005622464765210039,0.0008556676768459251,-2.500732575148823,-0.6769487333101766,34.29149052427695,8,25,1,0,1,1,1,0,0,1
4,6,0.08,42,20666862,0.0016306524134292522,0.002169130004397661,2.1236139757176558,3.362855817516548,24.824588193271385,8,22,1,1,1,1,1,0,0,1
4,6,0.08,43,20666863,0.0009621395158974169,0.0015468261297180508,-0.16761948137708096,1.8944149977063918,37.799116693691246,16,20,1,1,1,1,1,0,0,1
4,6,0.08,44,20666864,0.0002468913783435264,0.00037706402855534985,-6.074940757351731,-4.235848967777881,34.52269120195729,9,15,1,1,1,1,1,0,0,1
4,6,0.08,45,20666865,0.00044746234481691355,0.0006234393860773817,-3.492435058817084,-2.052057644336638,28.226808442068137,7,16,1,1,1,1,1,0,0,1
4,6,0.08,46,20666866,0.00045495850959056245,0.0006523673036160577,-3.420282074692147,-1.8550781374911924,30.260375241257893,11,25,1,0,1,1,1,0,0,1
4,6,0.08,47,20666867,0.00039295300045817726,0.0007196168351430322,-4.056593907500045,-1.4289868506495687,45.39413459107397,9,25,1,0,1,1,1,0,0,1
4,6,0.08,48,20666868,0.0003632675250798295,0.000435110844417847,-4.397734248981516,-3.614000925010326,16.51149822159447,10,23,1,1,1,1,1,0,0,1
4,6,0.08,49,20666869,0.0002977185677775306,0.000507666079209596,-5.261940789177432,-2.9442185393682756,41.355434217495954,9,23,1,1,1,1,1,0,0,1
4,6,0.08,50,20666870,0.0001781508882391108,0.00023931124512986625,-7.492120079670056,-6.210368936009129,25.55682532075154,8,25,1,0,1,1,1,0,0,1
4,8,0.08,1,20668821,0.00035275042907591324,0.00048267974065966225,-4.525324493094384,-3.1634092928232653,26.91832713056881,17,25,1,0,1,1,1,0,0,1
4,8,0.08,2,20668822,0.000626407333485235,0.0009660651685296988,-2.031431665415442,-0.14993576091530048,35.15889466974629,19,19,1,1,1,1,1,0,0,1
4,8,0.08,3,20668823,0.0002586257875822819,0.0003492316252619659,-5.87328173785394,-4.568864349124636,25.944339265299543,7,19,1,1,1,1,1,0,0,1
4,8,0.08,4,20668824,0.00033877333274313806,0.00042001276897956323,-4.700907834013057,-3.76737506237653,19.342134867423063,8,21,1,1,1,1,1,0,0,1
4,8,0.08,5,20668825,0.000549237153013864,0.0009137332552385139,-2.6024009269682837,-0.3918056869252069,39.89086531927796,6,19,1,1,1,1,1,0,0,1
4,8,0.08,6,20668826,0.0002610271458306788,0.0003215406533594855,-5.833143253382368,-4.92764110100483,18.81986209101591,10,23,1,1,1,1,1,0,0,1
4,8,0.08,7,20668827,0.000749095560186877,0.0011369071261006889,-1.2546277694054244,0.5572498863724608,34.111103449928216,13,25,1,0,1,1,1,0,0,1
4,8,0.08,8,20668828,0.00020201253128057986,0.00027766389479659824,-6.946216894781006,-5.564805887770428,27.245661007325612,10,22,1,1,1,1,1,0,0,1
4,8,0.08,9,20668829,0.0002827588526449167,0.00038826161919995736,-5.48583789250774,-4.108755386157111,27.173112493693587,7,25,1,0,1,1,1,0,0,1
4,8,0.08,10,20668830,0.00035191307108133096,0.0003831974181163668,-4.535646018972078,-4.16577425745874,8.164028658861058,8,18,1,1,1,1,1,0,0,1
4,8,0.08,11,20668831,0.0003275633407906999,0.0005117685195734805,-4.847047082033439,-2.909264323918049,35.99384716674276,10,25,1,0,1,1,1,0,0,1
4,8,0.08,12,20668832,0.00012173433551494617,0.0001691037075983091,-9.14586910500177,-7.718468703925899,28.012024547613525,12,12,1,1,1,1,1,0,0,1
4,8,0.08,13,20668833,0.00036998418892822616,0.0005624204737058328,-4.318168348733936,-2.4993887814537104,34.21573249452119,11,25,1,0,1,1,1,0,0,1
4,8,0.08,14,20668834,0.0004886965697461806,0.0005070679632984529,-3.1096070935638647,-2.949338274371716,3.623063352842726,9,19,1,1,1,1,1,0,0,1
4,8,0.08,15,20668835,0.00023094013385972512,0.00034137779014906046,-6.365005867917787,-4.6676473726191015,32.35056862987877,10,20,1,1,1,1,1,0,0,1
4,8,0.08,16,20668836,0.00023971509061296558,0.00023971849126370917,-6.2030462527528325,-6.202984643224061,0.0014186017631176234,4,11,1,1,1,1,1,0,0,1
4,8,0.08,17,20668837,0.0005102271703042837,0.0005956879555787021,-2.9223641832709975,-2.249811809630807,14.346569285825913,12,21,1,1,1,1,1,0,0,1
4,8,0.08,18,20668838,0.00024450091458255767,0.00025739683302335474,-6.117195120110556,-5.893968009007179,5.01013096755039,11,25,1,0,1,1,1,0,0,1
4,8,0.08,19,20668839,0.0007405305321156998,0.0014090087356962706,-1.3045703078759154,1.4891368569482495,47.443155364841516,9,25,1,0,1,1,1,0,0,1
4,8,0.08,20,20668840,0.0008091466410856624,0.0010218977995462338,-0.9197276436653729,0.09407463986041113,20.819220723935608,6,25,1,0,1,1,1,0,0,1
4,8,0.08,21,20668841,0.000524400699233694,0.0006251544650969813,-2.8033673789512568,-2.040126625743191,16.11661940983772,15,25,1,0,1,1,1,0,0,1
4,8,0.08,22,20668842,0.0005109793032065643,0.0008304401249937774,-2.915966902473141,-0.8069167485883617,38.46885671493858,17,25,1,0,1,1,1,0,0,1
4,8,0.08,23,20668843,0.0006858063432455452,0.0008490774464969362,-1.6379850227182204,-0.7105269485349407,19.229235675144047,25,25,0,0,1,1,1,0,0,1
4,8,0.08,24,20668844,0.0002414747533341761,0.00040164949074024414,-6.171282688909921,-3.9615277935124764,39.87923328643199,12,15,1,1,1,1,1,0,0,1
4,8,0.08,25,20668845,0.0005620236370265453,0.0011373035936057074,-2.5024541892501793,0.5587641141433162,50.58279599339826,25,25,0,0,1,1,1,0,0,1
4,8,0.08,26,20668846,0.0003952216999151871,0.0003983789526135678,-4.031592181970131,-3.99703614538617,0.7925249759475345,8,17,1,1,1,1,1,0,0,1
4,8,0.08,27,20668847,0.00011495868171887916,0.00012393727554029885,-9.394582250886799,-9.067980549897882,7.244466027091461,8,17,1,1,1,1,1,0,0,1
4,8,0.08,28,20668848,0.0004538026973799972,0.00045381509381751364,-3.431329270192476,-3.431210636457853,0.0027316053796685516,4,13,1,1,1,1,1,0,0,1
4,8,0.08,29,20668849,0.0010711709530674162,0.001447610380236677,0.2985878740427449,1.6065168859984427,26.004195072690404,25,25,0,0,1,1,1,0,0,1
4,8,0.08,30,20668850,0.0002672487337891793,0.00038116143272025826,-5.730843437793344,-4.188910492827547,29.885683375180744,10,25,1,0,1,1,1,0,0,1
4,8,0.08,31,20668851,0.0003764804538837134,0.00037649816033427305,-4.24257566583605,-4.2423714153134355,0.004702931494790859,6,25,1,0,1,1,1,0,0,1
4,8,0.08,32,20668852,0.000808433671330911,0.000981153676536731,-0.9235560637806156,-0.08262964439756762,17.603766803941024,20,22,1,1,1,1,1,0,0,1
4,8,0.08,33,20668853,0.00020720521801300822,0.00023486410567894413,-6.8359931202660364,-6.291833514502264,11.77654950124444,6,14,1,1,1,1,1,0,0,1
4,8,0.08,34,20668854,0.00022018220268360381,0.00022019200881951407,-6.572177879467995,-6.571984464385818,0.0044534476808799905,4,12,1,1,1,1,1,0,0,1
4,8,0.08,35,20668855,0.00034748285016050317,0.000817061425300514,-4.590666249284114,-0.8774529271325915,57.47163684386404,8,20,1,1,1,1,1,0,0,1
4,8,0.08,36,20668856,0.000199360567312558,0.0002610435399991355,-7.003607391643689,-5.832870497332595,23.629381016968193,7,25,1,0,1,1,1,0,0,1
4,8,0.08,37,20668857,0.0001807434830537625,0.00018484269080878081,-7.429373528152508,-7.331977179563002,2.217673707887612,11,25,1,0,1,1,1,0,0,1
4,8,0.08,38,20668858,0.0005092319618880612,0.0008446816651884087,-2.9308434571753503,-0.7330693258889547,39.71315077917838,13,25,1,0,1,1,1,0,0,1
4,8,0.08,39,20668859,0.000338822442981639,0.000459492830750248,-4.700278305129101,-3.3772126031681724,26.26164755858791,21,25,1,0,1,1,1,0,0,1
4,8,0.08,40,20668860,0.0002315777514019052,0.00033040458826946565,-6.353031673432307,-4.809539303399287,29.910854865901854,11,25,1,0,1,1,1,0,0,1
4,8,0.08,41,20668861,0.0005961835543303212,0.0006531091970715074,-2.2462000811234666,-1.8501420046940429,8.71609877742289,8,25,1,0,1,1,1,0,0,1
4,8,0.08,42,20668862,0.000724316218155713,0.0007243918290462528,-1.4007179040790323,-1.4002645706054393,0.010437844203640282,7,24,1,1,1,1,1,0,0,1
4,8,0.08,43,20668863,0.0003193066287716443,0.00044163708716662975,-4.957920654597267,-3.5493446318759183,27.69931736933818,11,24,1,1,1,1,1,0,0,1
4,8,0.08,44,20668864,0.0004243006917389003,0.0004764999010948937,-3.7232626020099566,-3.219371851703481,10.954715674872322,12,20,1,1,1,1,1,0,0,1
4,8,0.08,45,20668865,0.00023711697664294563,0.00026207766496720125,-6.250373511318403,-5.815699893350342,9.52415701940088,8,23,1,1,1,1,1,0,0,1
4,8,0.08,46,20668866,0.00020551669796012713,0.0002250805654431501,-6.871528865016181,-6.476620024902705,8.69193990360946,9,25,1,0,1,1,1,0,0,1
4,8,0.08,47,20668867,0.0007493210696211744,0.0020575095414964322,-1.253320556154802,3.1334185788656326,63.58116186055733,15,25,1,0,1,1,1,0,0,1
4,8,0.08,48,20668868,0.00038087640799784253,0.0006793152706686746,-4.192159272961796,-1.6792862257606505,43.93230589046937,14,19,1,1,1,1,1,0,0,1
4,8,0.08,49,20668869,0.00016504384195485374,0.0002086269359808739,-7.824006752410845,-6.806296202016867,20.890444381551806,13,25,1,0,1,1,1,0,0,1
4,8,0.08,50,20668870,0.0004426793543092129,0.0005617735774264763,-3.539107321857469,-2.50438691349709,21.1996839835085,16,25,1,0,1,1,1,0,0,1
8,4,0.08,1,21064821,7.459618536590053e-05,0.00010733619813737706,-11.272833805286442,-9.692537915457166,30.502303360487357,6,16,1,1,1,1,1,0,0,1
8,4,0.08,2,21064822,0.00013270887790152298,0.00017715777580720775,-8.771000229179798,-7.516397808636847,25.090006748592486,5,11,1,1,1,1,1,0,0,1
8,4,0.08,3,21064823,0.00011826506544600076,0.00016930482019881222,-9.271435235431229,-7.713306771187929,30.146663687942382,4,12,1,1,1,1,1,0,0,1
8,4,0.08,4,21064824,0.00018281388155841919,0.00032355324346313667,-7.379908301813525,-4.900542422300224,43.49805317922962,5,25,1,0,1,1,1,0,0,1
8,4,0.08,5,21064825,0.00011963003167429179,0.00016436016240916484,-9.221597822773917,-7.8420343827066,27.214703416707543,6,16,1,1,1,1,1,0,0,1
8,4,0.08,6,21064826,0.0001796833413273831,0.0002468031893221089,-7.454921850221078,-6.076492324181989,27.195697178420993,6,18,1,1,1,1,1,0,0,1
8,4,0.08,7,21064827,0.00027487113598313794,0.00036577866677085953,-5.608708627079927,-4.367816273830276,24.853152752254474,9,23,1,1,1,1,1,0,0,1
8,4,0.08,8,21064828,0.00010553085435252574,0.00021131849323072964,-9.766205459020789,-6.750624946343154,50.06075770315989,7,20,1,1,1,1,1,0,0,1
8,4,0.08,9,21064829,0.00012794219154389316,0.0002229745263870958,-8.929862144495642,-6.517447498730978,42.62026536530069,5,15,1,1,1,1,1,0,0,1
8,4,0.08,10,21064830,7.696355981914714e-05,0.00011797766950605276,-11.137148529497447,-9.282001869993673,34.76429892082367,7,10,1,1,1,1,1,0,0,1
8,4,0.08,11,21064831,0.0001443033028045658,0.0003042577368025348,-8.407237286890249,-5.167583695221287,52.57201860466754,3,18,1,1,1,1,1,0,0,1
8,4,0.08,12,21064832,0.00014508357524097666,0.0003873510800427252,-8.383817508011699,-4.118952287615613,62.54468292047261,3,14,1,1,1,1,1,0,0,1
8,4,0.08,13,21064833,0.00012115065784503607,0.00014806722538668446,-9.16674223311919,-8.295410617280796,18.17861276954067,6,19,1,1,1,1,1,0,0,1
8,4,0.08,14,21064834,0.00011210144343227632,0.0002063168497713103,-9.503887953386867,-6.854653020129141,45.66539594001461,6,16,1,1,1,1,1,0,0,1
8,4,0.08,15,21064835,0.00010226920617640035,0.00017255017086080624,-9.90255115074688,-7.630846063297904,40.730741867013585,4,19,1,1,1,1,1,0,0,1
8,4,0.08,16,21064836,0.00012054462470166516,0.00019743258756439063,-9.188521508149684,-7.045811625511904,38.94390678420767,7,18,1,1,1,1,1,0,0,1
8,4,0.08,17,21064837,7.704415718705365e-05,0.00010261198740294972,-11.132602913730434,-9.888019008338656,24.917001281237336,3,17,1,1,1,1,1,0,0,1
8,4,0.08,18,21064838,0.00012080557383377442,0.00016985836717270294,-9.17913027391985,-7.699130550498721,28.878644105329386,4,10,1,1,1,1,1,0,0,1
8,4,0.08,19,21064839,8.821623154814775e-05,0.0001877855194327722,-10.544514985050277,-7.2633790021106135,53.022878540041305,4,17,1,1,1,1,1,0,0,1
8,4,0.08,20,21064840,0.0001229654601551095,0.00022692753268594568,-9.102168606792148,-6.441128087947864,45.812895112517516,5,12,1,1,1,1,1,0,0,1
8,4,0.08,21,21064841,0.00011679338388415257,0.00023130332163138426,-9.325817584563868,-6.35818130498628,49.506395731627265,4,17,1,1,1,1,1,0,0,1
8,4,0.08,22,21064842,8.082351144606156e-05,0.00016538184536389069,-10.924622851910685,-7.815121664341485,51.129151287298136,7,21,1,1,1,1,1,0,0,1
8,4,0.08,23,21064843,0.00015688449549605566,0.00023775827057975464,-8.044199745343205,-6.238643669050548,34.015125903504725,6,10,1,1,1,1,1,0,0,1
8,4,0.08,24,21064844,9.25593753164547e-05,0.00011910950258937263,-10.335795851013819,-9.240535890000064,22.290519812217582,4,10,1,1,1,1,1,0,0,1
8,4,0.08,25,21064845,0.00017121812926513495,0.0003683069522569642,-7.664502523752289,-4.337900832131312,53.51211042422091,6,14,1,1,1,1,1,0,0,1
8,4,0.08,26,21064846,0.00018160758345816603,0.0002532206800886003,-7.408660204334839,-5.9650082913804345,28.28090367871112,5,16,1,1,1,1,1,0,0,1
8,4,0.08,27,21064847,7.504855757232406e-05,0.00011781255265187147,-11.246576504480288,-9.288084340225513,36.29833503897693,3,9,1,1,1,1,1,0,0,1
8,4,0.08,28,21064848,0.00013521717525820953,0.000224114381471974,-8.689681408935126,-6.495302737928342,39.66599806308336,3,11,1,1,1,1,1,0,0,1
8,4,0.08,29,21064849,0.0001561134124348716,0.00022666081879141239,-8.065597830604382,-6.44623546716584,31.1246587445989,6,19,1,1,1,1,1,0,0,1
8,4,0.08,30,21064850,0.00018248416833944076,0.0002632216130001178,-7.387748073777132,-5.796784538828491,30.67280218385445,3,16,1,1,1,1,1,0,0,1
8,4,0.08,31,21064851,0.0001612418529374977,0.00023577961344583496,-7.925222197232362,-6.274937486503273,31.613318649137838,4,9,1,1,1,1,1,0,0,1
8,4,0.08,32,21064852,0.00013327687476928423,0.0001550796063926759,-8.752451996585348,-8.094453099456235,14.059057880367023,5,11,1,1,1,1,1,0,0,1
8,4,0.08,33,21064853,0.00014805477000400435,0.00028128724598539245,-8.295775960217513,-5.50849958996327,47.36527442424709,6,19,1,1,1,1,1,0,0,1
8,4,0.08,34,21064854,9.172669675334531e-05,0.00015163408228119587,-10.375042459519598,-8.192031728262602,39.50786302564623,6,25,1,0,1,1,1,0,0,1
8,4,0.08,35,21064855,8.949925140306597e-05,0.00019685460639821647,-10.48180597230203,-7.058544182630307,54.535353253548834,3,13,1,1,1,1,1,0,0,1
8,4,0.08,36,21064856,9.369510573668978e-05,0.00018120612325663198,-10.282830943530207,-7.418271308775556,48.29363155460552,3,25,1,0,1,1,1,0,0,1
8,4,0.08,37,21064857,0.0001347565536949737,0.00014836278875012305,-8.7045010432786,-8.286750119071442,9.170921610313874,4,8,1,1,1,1,1,0,0,1
8,4,0.08,38,21064858,0.00010682867221930412,0.00012089466840570048,-9.713121694476358,-9.175928516044142,11.634918538502824,7,12,1,1,1,1,1,0,0,1
8,4,0.08,39,21064859,0.00012573189332319164,0.0002265928650539464,-9.005545446101488,-6.447537693026507,44.51198042212942,6,14,1,1,1,1,1,0,0,1
8,4,0.08,40,21064860,0.00011265893740327305,0.00021321106146792476,-9.482343493377648,-6.711902677042628,47.16083836005791,4,24,1,1,1,1,1,0,0,1
8,4,0.08,41,21064861,0.00012106612730716589,0.0002688690192600893,-9.169773496837488,-5.704592369716742,54.97207984752863,4,25,1,0,1,1,1,0,0,1
8,4,0.08,42,21064862,0.00016330321270674738,0.00039080895123342935,-7.870052711905357,-4.080354975971637,58.2140551818613,6,16,1,1,1,1,1,0,0,1
8,4,0.08,43,21064863,7.652550080146114e-05,0.00010385899420754156,-11.161938195927718,-9.835558875201817,26.317887646263813,3,10,1,1,1,1,1,0,0,1
8,4,0.08,44,21064864,7.360353770165086e-05,0.00011547928447325933,-11.331013111056818,-9.374959157358777,36.26256169027903,4,11,1,1,1,1,1,0,0,1
8,4,0.08,45,21064865,0.00010057064700047199,0.00018684282960536268,-9.97528755918889,-7.285235642450468,46.17366520679932,6,25,1,0,1,1,1,0,0,1
8,4,0.08,46,21064866,0.00015851071582378233,0.0004800137593114148,-7.999413727785476,-3.187463136507086,66.97788079009074,8,24,1,1,1,1,1,0,0,1
8,4,0.08,47,21064867,0.0001822182099892868,0.0002885425777518465,-7.394082239454494,-5.3979009267008085,36.84876200627873,3,13,1,1,1,1,1,0,0,1
8,4,0.08,48,21064868,9.900253414127288e-05,0.0002168342007419481,-10.04353688740979,-6.638722164968238,54.34182716448193,4,8,1,1,1,1,1,0,0,1
8,4,0.08,49,21064869,0.0001242060671891088,0.00015821832593491237,-9.05857189325349,-8.00743214950442,21.497041221252392,7,11,1,1,1,1,1,0,0,1
8,4,0.08,50,21064870,0.00013496768593907585,0.0002690400770548772,-8.697701981583766,-5.701830213085591,49.833613112017524,6,18,1,1,1,1,1,0,0,1
8,6,0.08,1,21066821,6.856399605141322e-05,0.0001248813442476019,-11.639038787671222,-9.03502435088386,45.096686407001215,8,19,1,1,1,1,1,0,0,1
8,6,0.08,2,21066822,7.526882455031913e-05,8.812286709108621e-05,-11.233848661537998,-10.549113814533868,14.586500604299205,8,25,1,0,1,1,1,0,0,1
8,6,0.08,3,21066823,0.00015571001581856367,0.00024861146209065256,-8.076834511773312,-6.0447885233167264,37.36812675121702,4,19,1,1,1,1,1,0,0,1
8,6,0.08,4,21066824,0.0001716211796454459,0.00022030668864173898,-7.654291172125425,-6.569723172110033,22.09896998427727,7,25,1,0,1,1,1,0,0,1
8,6,0.08,5,21066825,0.00014099055941772342,0.00024662830746380267,-8.508099662811539,-6.079570774978999,42.83277500965033,6,14,1,1,1,1,1,0,0,1
8,6,0.08,6,21066826,0.00016945503284788419,0.00026312237059976503,-7.709455280033182,-5.798422267336758,35.59839383415942,5,25,1,0,1,1,1,0,0,1
8,6,0.08,7,21066827,9.255852731290831e-05,0.00013453950391406063,-10.335835640062376,-8.711501780192282,31.203457259637574,8,19,1,1,1,1,1,0,0,1
8,6,0.08,8,21066828,8.013291118988004e-05,0.00016209870669654916,-10.961890792640258,-7.902204501532912,50.565360561518936,7,14,1,1,1,1,1,0,0,1
8,6,0.08,9,21066829,7.796557235656784e-05,0.00015146283579766705,-11.080971285433353,-8.19693916257284,48.52494874668871,4,13,1,1,1,1,1,0,0,1
8,6,0.08,10,21066830,0.00010048446015267933,0.00012916059119337858,-9.979010963705367,-8.888699757992361,22.201919932191622,6,12,1,1,1,1,1,0,0,1
8,6,0.08,11,21066831,0.00017584990003956718,0.0003287141345708191,-7.548578742181032,-4.831816210351051,46.50369985788318,5,20,1,1,1,1,1,0,0,1
8,6,0.08,12,21066832,0.00012594795888572815,0.00022422423731247702,-8.998088662909021,-6.493174445414996,43.82946268640525,16,25,1,0,1,1,1,0,0,1
8,6,0.08,13,21066833,5.747499869308537e-05,7.86898197129851e-05,-12.405210299340348,-11.040814497051754,26.96005798117103,4,9,1,1,1,1,1,0,0,1
8,6,0.08,14,21066834,5.330709156832227e-05,0.0001067806652278347,-12.732150119092092,-9.715073778789538,50.0779551667125,8,24,1,1,1,1,1,0,0,1
8,6,0.08,15,21066835,6.891169592080891e-05,0.00012144764958647672,-11.617070619415593,-9.156108858115138,43.25810655418211,5,25,1,0,1,1,1,0,0,1
8,6,0.08,16,21066836,8.671092422731283e-05,0.0001432027629495907,-10.619261847294128,-8.440486026832945,39.44884690679031,5,17,1,1,1,1,1,0,0,1
8,6,0.08,17,21066837,7.304318837618658e-05,9.0433506093138e-05,-11.364202778620065,-10.436706313020599,19.22994968152736,8,13,1,1,1,1,1,0,0,1
8,6,0.08,18,21066838,0.00010661811830818679,0.00014562398116962845,-9.721689865604686,-8.367671000776737,26.785329276231035,4,11,1,1,1,1,1,0,0,1
8,6,0.08,19,21066839,0.0001388097595410117,0.00022486157687670678,-8.575799981044964,-6.48084748103853,38.26879564349844,9,25,1,0,1,1,1,0,0,1
8,6,0.08,20,21066840,8.362886954645308e-05,0.00015250861301954787,-10.776437737527644,-8.167056285713974,45.16449406320815,4,23,1,1,1,1,1,0,0,1
8,6,0.08,21,21066841,8.905862642102353e-05,0.00018370967951445978,-10.50324007412411,-7.358679604662707,51.5220827468627,5,25,1,0,1,1,1,0,0,1
8,6,0.08,22,21066842,0.00010162537900052797,0.0001546919718545707,-9.929978217419738,-8.105322245665077,34.30468447576051,4,25,1,0,1,1,1,0,0,1
8,6,0.08,23,21066843,0.00012155384577125035,0.0001697940623206461,-9.152312962133957,-7.70077501055945,28.41101502024077,5,13,1,1,1,1,1,0,0,1
8,6,0.08,24,21066844,8.726613054114102e-05,0.0001383489681156134,-10.591542806150013,-8.590240757233639,36.923179312609136,6,22,1,1,1,1,1,0,0,1
8,6,0.08,25,21066845,0.00013792861928067521,0.00024360787172274823,-8.603456112273705,-6.133086824163439,43.38088572209492,3,9,1,1,1,1,1,0,0,1
8,6,0.08,26,21066846,0.00013405026299052024,0.00014767277458856696,-8.727323296466391,-8.306995651878909,9.22479559011509,4,15,1,1,1,1,1,0,0,1
8,6,0.08,27,21066847,9.971370894817e-05,0.00017043312421993263,-10.012451294390338,-7.684459948516336,41.493938220896496,7,17,1,1,1,1,1,0,0,1
8,6,0.08,28,21066848,0.00014368634165195767,0.00025571053792548186,-8.425845124997604,-5.9225137416926374,43.80898698283988,7,25,1,0,1,1,1,0,0,1
8,6,0.08,29,21066849,0.00013322327544668927,0.0002607494038687269,-8.754198929210471,-5.837766757943111,48.90754361465005,5,25,1,0,1,1,1,0,0,1
8,6,0.08,30,21066850,0.00011465372022832984,0.0001346862460486737,-9.406118489286131,-8.706767514941289,14.873475509224885,8,23,1,1,1,1,1,0,0,1
8,6,0.08,31,21066851,6.343068706680885e-05,0.00010092004886723313,-11.977005843977793,-9.960225478615126,37.14758585753755,6,15,1,1,1,1,1,0,0,1
8,6,0.08,32,21066852,0.00012588115380528507,0.00015446328996180687,-9.000392850710826,-8.111747192254608,18.504161191690994,6,11,1,1,1,1,1,0,0,1
8,6,0.08,33,21066853,6.45413863348461e-05,9.162379623145646e-05,-11.901617102815491,-10.379917181458518,29.558270897437854,3,12,1,1,1,1,1,0,0,1
8,6,0.08,34,21066854,0.00018068696830436537,0.0002300580164577651,-7.430731689531392,-6.381626289816065,21.46025985687113,7,25,1,0,1,1,1,0,0,1
8,6,0.08,35,21066855,8.28480505759569e-05,9.351169097455002e-05,-10.817177061229222,-10.291340895731036,11.403537127240389,4,18,1,1,1,1,1,0,0,1
8,6,0.08,36,21066856,6.183088371870924e-05,8.680447825575209e-05,-12.087945462972387,-10.614578689295858,28.76993795580815,5,25,1,0,1,1,1,0,0,1
8,6,0.08,37,21066857,0.00011587613724174699,0.00012956645864714377,-9.360059905355442,-8.875074113495494,10.566254220685666,8,25,1,0,1,1,1,0,0,1
8,6,0.08,38,21066858,0.0001826809849485286,0.0002873041087134458,-7.3830665550297345,-5.416581631524383,36.415463821043794,9,25,1,0,1,1,1,0,0,1
8,6,0.08,39,21066859,0.00010667866139687275,0.00015294249610350023,-9.719224424722157,-8.154718261705604,30.249169384105983,6,25,1,0,1,1,1,0,0,1
8,6,0.08,40,21066860,9.761837664908335e-05,0.0001485302893577512,-10.104684187467717,-8.28184972881714,34.27712484020079,5,17,1,1,1,1,1,0,0,1
8,6,0.08,41,21066861,9.748839420773098e-05,0.00013908670205153221,-10.110470830865829,-8.567143905091278,29.90818477268149,7,10,1,1,1,1,1,0,0,1
8,6,0.08,42,21066862,0.0001064739968790379,0.00020077899962158552,-9.727564428433256,-6.972817139643479,46.969555043250146,6,20,1,1,1,1,1,0,0,1
8,6,0.08,43,21066863,0.00013649472380908214,0.00016755150185206972,-8.648841359117808,-7.758516750018324,18.53566079664713,4,12,1,1,1,1,1,0,0,1
8,6,0.08,44,21066864,0.00010737323919963989,0.00013039241551507624,-9.69103945043358,-8.84747669307673,17.653769373399502,5,17,1,1,1,1,1,0,0,1
8,6,0.08,45,21066865,0.000146137717527417,0.00027931204136627855,-8.352376800275401,-5.539103411117275,47.679406583199224,7,17,1,1,1,1,1,0,0,1
8,6,0.08,46,21066866,7.564804338014555e-05,0.00012518091662489715,-11.212023004259255,-9.024618726926336,39.569029034334484,4,17,1,1,1,1,1,0,0,1
8,6,0.08,47,21066867,0.00017069590016343246,0.00020634380445879992,-7.677769098037234,-6.8540856642673775,17.27597510807996,6,9,1,1,1,1,1,0,0,1
8,6,0.08,48,21066868,6.455874794081699e-05,0.00011156130430988047,-11.900449009574087,-9.524864168578304,42.131594516415745,4,11,1,1,1,1,1,0,0,1
8,6,0.08,49,21066869,0.00012658735701408125,0.0001571530780501332,-8.976096675667485,-8.03677108333347,19.449648339882476,4,16,1,1,1,1,1,0,0,1
8,6,0.08,50,21066870,8.660034775467777e-05,0.00012107369827098479,-10.62480364014589,-9.16950191591911,28.473030070618172,11,17,1,1,1,1,1,0,0,1
8,8,0.08,1,21068821,0.00022825969923975472,0.00026527101740297975,-6.415707593060072,-5.763101969439325,13.952266073228882,6,14,1,1,1,1,1,0,0,1
8,8,0.08,2,21068822,0.00012758588957436262,0.00019454541628823773,-8.941973539757356,-7.109789972127247,34.418455079233595,18,25,1,0,1,1,1,0,0,1
8,8,0.08,3,21068823,8.411512619933797e-05,0.00011728092615032959,-10.751258991580197,-9.307726131293677,28.27893762407709,6,24,1,1,1,1,1,0,0,1
8,8,0.08,4,21068824,9.863675713321727e-05,0.00012224101800333936,-10.059612144161797,-9.12783042019433,19.30960757335748,4,21,1,1,1,1,1,0,0,1
8,8,0.08,5,21068825,8.196809367371576e-05,0.00015409461339684739,-10.863551651526526,-8.122125424166423,46.806645692007855,5,17,1,1,1,1,1,0,0,1
8,8,0.08,6,21068826,0.000125513354192618,0.00014105222269044385,-9.013100642736067,-8.506200658745197,11.01639392945106,10,24,1,1,1,1,1,0,0,1
8,8,0.08,7,21068827,0.00014354123451548905,0.00017761807865460544,-8.430233229709232,-7.505128321365515,19.185459271509142,7,17,1,1,1,1,1,0,0,1
8,8,0.08,8,21068828,6.88344084176899e-05,0.00010545497559551579,-11.621944156828242,-9.769329244811708,34.72625826427396,7,15,1,1,1,1,1,0,0,1
8,8,0.08,9,21068829,0.0001514152960325187,0.0001590161783855754,-8.198302500210964,-7.985586880937268,4.779942789611276,7,16,1,1,1,1,1,0,0,1
8,8,0.08,10,21068830,8.462870255287009e-05,8.462990727395981e-05,-10.724823172656823,-10.724761349660401,0.001423516967612058,4,9,1,1,1,1,1,0,0,1
8,8,0.08,11,21068831,5.129185953018624e-05,6.427822731270053e-05,-12.899515557780834,-11.91936108867748,20.203369516303322,8,22,1,1,1,1,1,0,0,1
8,8,0.08,12,21068832,4.653696494168306e-05,7.037316676718438e-05,-13.322019440415694,-11.52592905437448,33.87115135000057,5,21,1,1,1,1,1,0,0,1
8,8,0.08,13,21068833,8.596376821364736e-05,0.0001239300376623206,-10.656845555058045,-9.068234183217008,30.635244017372237,6,20,1,1,1,1,1,0,0,1
8,8,0.08,14,21068834,9.40793848536812e-05,9.670390241758896e-05,-10.265055309312576,-10.145559999167055,2.7139727542478247,6,14,1,1,1,1,1,0,0,1
8,8,0.08,15,21068835,0.00015127172435278462,0.0002193559270669207,-8.20242242533116,-6.588506263254558,31.038232531261887,10,15,1,1,1,1,1,0,0,1
8,8,0.08,16,21068836,8.166937124778602e-05,9.63543855717284e-05,-10.879407879240253,-10.161285136369003,15.240628889704789,9,12,1,1,1,1,1,0,0,1
8,8,0.08,17,21068837,7.941759657664205e-05,8.650518828224105e-05,-11.000832601743781,-10.629578442718834,8.193256203864054,4,11,1,1,1,1,1,0,0,1
8,8,0.08,18,21068838,9.381558155994679e-05,0.00013372826444830928,-10.277250249096493,-8.73776791716117,29.846108489495997,8,19,1,1,1,1,1,0,0,1
8,8,0.08,19,21068839,0.00022968306590054967,0.0002865290134869318,-6.388710233380741,-5.428313954791207,19.839508360634053,9,11,1,1,1,1,1,0,0,1
8,8,0.08,20,21068840,0.00011936835183995531,0.00015335684644832815,-9.231108025464,-8.142968306475405,22.16301090921616,5,25,1,0,1,1,1,0,0,1
8,8,0.08,21,21068841,8.793417218892733e-05,0.00011900891668036113,-10.558423205000146,-9.244204981032432,26.11127414502527,6,18,1,1,1,1,1,0,0,1
8,8,0.08,22,21068842,0.000116491317238023,0.00013293336142516482,-9.337064438752432,-8.763660133037696,12.368636443755253,13,17,1,1,1,1,1,0,0,1
8,8,0.08,23,21068843,8.297771181997738e-05,0.00011049019973426416,-10.810385453766404,-9.56676241346138,24.90038752799437,11,25,1,0,1,1,1,0,0,1
8,8,0.08,24,21068844,0.0001147809759758978,0.00017185856908889617,-9.401300867928866,-7.648288085064392,33.21195644511285,5,20,1,1,1,1,1,0,0,1
8,8,0.08,25,21068845,8.432751914297422e-05,8.43296709605287e-05,-10.740306761268876,-10.740195942099003,0.0025516731299521232,4,11,1,1,1,1,1,0,0,1
8,8,0.08,26,21068846,9.927358979642358e-05,0.00014869058890562488,-10.031662734706423,-8.277165184699657,33.23478605667953,9,22,1,1,1,1,1,0,0,1
8,8,0.08,27,21068847,0.0001063594885187601,0.00012574100208614602,-9.732237598513224,-9.005230828855494,15.413837368742707,12,15,1,1,1,1,1,0,0,1
8,8,0.08,28,21068848,0.00012998583881003426,0.00015287934310111823,-8.861039589366797,-8.156511920452234,14.974884001131295,5,15,1,1,1,1,1,0,0,1
8,8,0.08,29,21068849,5.32741759014099e-05,6.327653339684931e-05,-12.734832596661,-11.987573216699667,15.807372747030815,10,11,1,1,1,1,1,0,0,1
8,8,0.08,30,21068850,6.313957236394918e-05,7.617511912711354e-05,-11.996983638534635,-11.181868579296063,17.112604368116468,6,16,1,1,1,1,1,0,0,1
8,8,0.08,31,21068851,6.505521127036582e-05,9.534119152710653e-05,-11.867179083981227,-10.207194247771977,31.76589234059455,9,25,1,0,1,1,1,0,0,1
8,8,0.08,32,21068852,7.979829232164033e-05,9.544480601256309e-05,-10.98006402424006,-10.202477003919334,16.39325841247271,9,15,1,1,1,1,1,0,0,1
8,8,0.08,33,21068853,7.609361053053534e-05,8.202602914323895e-05,-11.186518087725304,-10.860483120126139,7.232361086679021,5,10,1,1,1,1,1,0,0,1
8,8,0.08,34,21068854,0.00012172580078652877,0.00014440367932990267,-9.14617359718797,-8.404217410301147,15.70450188569249,9,15,1,1,1,1,1,0,0,1
8,8,0.08,35,21068855,7.299242079202858e-05,9.057279380358509e-05,-11.367222327437393,-10.430022358261134,19.410213898978395,5,15,1,1,1,1,1,0,0,1
8,8,0.08,36,21068856,6.471883639849709e-05,0.00010194217482025405,-11.889692996506467,-9.916461054700855,36.514169417505265,8,22,1,1,1,1,1,0,0,1
8,8,0.08,37,21068857,0.00011481587850120046,0.0001500284731862036,-9.399980468806262,-8.238263104499312,23.47060790340779,11,20,1,1,1,1,1,0,0,1
8,8,0.08,38,21068858,4.9701658959527736e-05,6.873454918510609e-05,-13.036291149901228,-11.628249114291176,27.690427086852186,12,25,1,0,1,1,1,0,0,1
8,8,0.08,39,21068859,0.00012573500331308782,0.00013569879520357702,-9.00543802429219,-8.674240081896444,7.34257947945772,6,14,1,1,1,1,1,0,0,1
8,8,0.08,40,21068860,0.00019609386085203977,0.00025857950055386213,-7.075360026596911,-5.87405907720221,24.164962639335986,7,20,1,1,1,1,1,0,0,1
8,8,0.08,41,21068861,0.00011991207809065502,0.00015816143487193754,-9.211370705797016,-8.008994036707499,24.183744167630255,6,11,1,1,1,1,1,0,0,1
8,8,0.08,42,21068862,0.00010755551704805583,0.00016260381370060954,-9.683673076189258,-7.888692727043911,33.85424695752222,12,16,1,1,1,1,1,0,0,1
8,8,0.08,43,21068863,0.0001851549422027957,0.00028344833899253484,-7.324646911610867,-5.475260836315227,34.67771133854762,8,25,1,0,1,1,1,0,0,1
8,8,0.08,44,21068864,0.00013948033783597918,0.00016334162465652638,-8.554870093880897,-7.8690312907165385,14.60820955511037,10,18,1,1,1,1,1,0,0,1
8,8,0.08,45,21068865,8.220066463823707e-05,9.623186534068735e-05,-10.851246709325546,-10.166810958403453,14.580618023745002,10,17,1,1,1,1,1,0,0,1
8,8,0.08,46,21068866,9.438054918101982e-05,0.00011490605524868479,-10.251174999153776,-9.39657084524958,17.86285850927765,11,19,1,1,1,1,1,0,0,1
8,8,0.08,47,21068867,0.00011245862042728942,0.00012720888479328271,-9.490072484496865,-8.954825547100771,11.595309863743248,11,14,1,1,1,1,1,0,0,1
8,8,0.08,48,21068868,8.604064839938272e-05,0.00010463889912481419,-10.652963254438854,-9.803068380807163,17.773744640840793,9,13,1,1,1,1,1,0,0,1
8,8,0.08,49,21068869,7.520153167241362e-05,8.327096686940829e-05,-11.237733137952851,-10.795063926659374,9.69057463887715,8,14,1,1,1,1,1,0,0,1
8,8,0.08,50,21068870,6.174822114820918e-05,8.131633126383085e-05,-12.093755491070752,-10.898222235880555,24.064182202383105,5,11,1,1,1,1,1,0,0,1
12,4,0.08,1,21464821,6.446866296546107e-06,9.070068575843522e-06,-21.906513366563306,-20.42389429367926,28.921526418045357,3,12,1,1,1,1,1,0,0,1
12,4,0.08,2,21464822,4.254861956948389e-06,8.70350577545287e-06,-23.711145254285327,-20.603057781568804,51.1132402652195,4,8,1,1,1,1,1,0,0,1
12,4,0.08,3,21464823,6.7373929790468216e-06,1.3199699637924664e-05,-21.715081203548984,-18.794359511483954,48.95798265220135,4,20,1,1,1,1,1,0,0,1
12,4,0.08,4,21464824,3.7261738010924474e-06,3.2619264797308248e-06,-24.287368920337016,-24.865258317099173,-14.232304874018268,4,6,1,1,1,1,0,1,0,1
12,4,0.08,5,21464825,4.230563992136117e-06,6.03055795881003e-06,-23.736017313613672,-22.19642504240927,29.84788437435222,5,8,1,1,1,1,1,0,0,1
12,4,0.08,6,21464826,2.950431482241418e-06,9.984891211217403e-06,-25.301144665121818,-20.006566625534546,70.451040278468,3,10,1,1,1,1,1,0,0,1
12,4,0.08,7,21464827,4.980722413926563e-06,6.64245880803078e-06,-23.027076617326337,-21.77671130105551,25.016886700075073,3,8,1,1,1,1,1,0,0,1
12,4,0.08,8,21464828,1.2547111044807208e-05,1.8085768797402158e-05,-19.01456258384471,-17.426630253390268,30.624397639046023,4,13,1,1,1,1,1,0,0,1
12,4,0.08,9,21464829,5.367240315669376e-06,8.406185916438867e-06,-22.70248958945761,-20.754010090973416,36.15130132711706,5,11,1,1,1,1,1,0,0,1
12,4,0.08,10,21464830,4.395301786248861e-06,5.992346610542612e-06,-23.57011300430257,-22.224030740314838,26.65140934077472,5,8,1,1,1,1,1,0,0,1
12,4,0.08,11,21464831,3.2975686312534494e-06,5.224046376310219e-06,-24.81806156853778,-22.819929762800314,36.87711797109762,5,8,1,1,1,1,1,0,0,1
12,4,0.08,12,21464832,4.172139172653111e-06,8.612605558411803e-06,-23.796412129714973,-20.64865442221638,51.5577586323079,4,8,1,1,1,1,1,0,0,1
12,4,0.08,13,21464833,4.81746984713755e-06,5.400905290658107e-06,-23.171809949418932,-22.675334383650213,10.802549056539085,5,9,1,1,1,1,1,0,0,1
12,4,0.08,14,21464834,4.3692442993255405e-06,6.978993655979019e-06,-23.59593671728332,-21.562071964547947,37.394350608381245,4,7,1,1,1,1,1,0,0,1
12,4,0.08,15,21464835,3.932345565459382e-06,5.4950373647339874e-06,-24.053483243654018,-22.600293501481126,28.43823791451607,4,7,1,1,1,1,1,0,0,1
12,4,0.08,16,21464836,4.537470354357931e-06,6.482132676625813e-06,-23.43186199417169,-21.882820840509897,30.000347405418275,3,8,1,1,1,1,1,0,0,1
12,4,0.08,17,21464837,4.044486029627474e-06,7.893631065576052e-06,-23.931366603753226,-21.027231756259344,48.76266706629618,3,13,1,1,1,1,1,0,0,1
12,4,0.08,18,21464838,3.94404852132049e-06,6.611817074948858e-06,-24.040577508271443,-21.796791702910404,40.348493060041335,3,15,1,1,1,1,1,0,0,1
12,4,0.08,19,21464839,4.901249022503605e-06,1.1366988844044261e-05,-23.09693231306648,-19.44354566236751,56.88172927985571,3,13,1,1,1,1,1,0,0,1
12,4,0.08,20,21464840,3.151385760640163e-06,7.1979197752883186e-06,-25.014984316520707,-21.4279299810319,56.218103854680265,3,7,1,1,1,1,1,0,0,1
12,4,0.08,21,21464841,4.878438235828921e-06,1.1757914960612823e-05,-23.117191890871652,-19.296696851802892,58.50932540190224,4,8,1,1,1,1,1,0,0,1
12,4,0.08,22,21464842,5.206308060158707e-06,6.385677945137599e-06,-22.834701380191834,-21.94792988423659,18.46898473602052,3,8,1,1,1,1,1,0,0,1
12,4,0.08,23,21464843,3.6323786485918653e-06,4.989361457578324e-06,-24.398088858055115,-23.019550321711918,27.19752458353848,4,7,1,1,1,1,1,0,0,1
12,4,0.08,24,21464844,2.2299973030436886e-06,6.1084364353184835e-06,-26.516956621867955,-22.140699410525535,63.49315693701868,5,9,1,1,1,1,1,0,0,1
12,4,0.08,25,21464845,7.532523763565897e-06,1.1912500246127076e-05,-21.23059489542523,-19.239970773805528,36.767902556687645,4,11,1,1,1,1,1,0,0,1
12,4,0.08,26,21464846,6.2224913479633325e-06,8.70487633580581e-06,-22.060356985818675,-20.602373942259874,28.51717694864511,5,9,1,1,1,1,1,0,0,1
12,4,0.08,27,21464847,3.4858312330872425e-06,5.017832490984048e-06,-24.576936431334243,-22.994838407208007,30.531135916742496,6,9,1,1,1,1,1,0,0,1
12,4,0.08,28,21464848,5.487503281344003e-06,8.675437274451988e-06,-22.606252070561244,-20.617086259208914,36.746666389900916,5,19,1,1,1,1,1,0,0,1
12,4,0.08,29,21464849,5.0804885383524475e-06,7.374725270032872e-06,-22.940945240725256,-21.32254153781135,31.109453541314064,4,9,1,1,1,1,1,0,0,1
12,4,0.08,30,21464850,6.309504075828362e-06,9.245515589309401e-06,-22.000047747646192,-20.340688647808122,31.75606038538243,4,9,1,1,1,1,1,0,0,1
12,4,0.08,31,21464851,3.896622080092685e-06,6.142017946079028e-06,-24.093117128855802,-22.11688918946075,36.55795026485994,3,8,1,1,1,1,1,0,0,1
12,4,0.08,32,21464852,5.72039400481183e-06,7.122964064526937e-06,-22.425740571820537,-21.473392466728423,19.690820380521707,3,7,1,1,1,1,1,0,0,1
12,4,0.08,33,21464853,5.911123413808669e-06,1.1745577553025047e-05,-22.283299732553118,-19.301256232520775,49.67362492714313,5,8,1,1,1,1,1,0,0,1
12,4,0.08,34,21464854,4.232476659870754e-06,6.358181978347937e-06,-23.734054281433714,-21.96667046244881,33.4325963886537,3,10,1,1,1,1,1,0,0,1
12,4,0.08,35,21464855,5.065797184156836e-06,8.365318139520669e-06,-22.953522017473542,-20.775175378323713,39.442862785764824,3,10,1,1,1,1,1,0,0,1
12,4,0.08,36,21464856,5.78199437084054e-06,7.575397473960951e-06,-22.37922335479972,-21.20594575205956,23.674046269979993,3,9,1,1,1,1,1,0,0,1
12,4,0.08,37,21464857,4.882930336743784e-06,6.5135886276261066e-06,-23.11319471616671,-21.861796732187194,25.03471410469807,3,8,1,1,1,1,1,0,0,1
12,4,0.08,38,21464858,7.056184814778592e-06,8.9787933178892e-06,-21.514300527363027,-20.467820253143326,21.412771572322917,3,7,1,1,1,1,1,0,0,1
12,4,0.08,39,21464859,6.2062177253980545e-06,1.478534898436589e-05,-22.0717299264481,-18.301684201946323,58.02454353995606,4,9,1,1,1,1,1,0,0,1
12,4,0.08,40,21464860,2.122894712481136e-06,5.488006742106497e-06,-26.73071544657529,-22.60585363763067,61.31756369405823,4,8,1,1,1,1,1,0,0,1
12,4,0.08,41,21464861,7.059838882244035e-06,1.0742889796704562e-05,-21.512052101876854,-19.6887887934882,34.283614410624615,4,8,1,1,1,1,1,0,0,1
12,4,0.08,42,21464862,6.811400217384737e-06,1.2435927936485015e-05,-21.667636011305007,-19.053218032642256,45.228050112760926,3,12,1,1,1,1,1,0,0,1
12,4,0.08,43,21464863,5.23959445961545e-06,1.1785934047778298e-05,-22.807023257580575,-19.286359934772598,55.54366384221251,4,9,1,1,1,1,1,0,0,1
12,4,0.08,44,21464864,5.5408755574545525e-06,7.4659751816473295e-06,-22.56421603552006,-21.269134580865867,25.784972188562964,5,9,1,1,1,1,1,0,0,1
12,4,0.08,45,21464865,3.172747098122961e-06,3.858000090932432e-06,-24.985645444350475,-24.136377664558843,17.761870830953086,4,8,1,1,1,1,1,0,0,1
12,4,0.08,46,21464866,5.86493877837654e-06,7.368829723734676e-06,-22.317365169418046,-21.326014788818533,20.40881662001456,4,9,1,1,1,1,1,0,0,1
12,4,0.08,47,21464867,3.666350800343896e-06,5.1325017761580115e-06,-24.357659836278025,-22.896708916650198,28.56601010105482,4,7,1,1,1,1,1,0,0,1
12,4,0.08,48,21464868,2.794851827881938e-06,4.769894189713881e-06,-25.53641211762895,-23.21491254782333,41.40641874385928,7,8,1,1,1,1,1,0,0,1
12,4,0.08,49,21464869,5.236954740363377e-06,8.309711717184122e-06,-22.809211794105963,-20.80414042618761,36.9779010560188,5,10,1,1,1,1,1,0,0,1
12,4,0.08,50,21464870,6.01967180700441e-06,9.983493951098325e-06,-22.20427185867151,-20.00717440864325,39.70375665583329,3,10,1,1,1,1,1,0,0,1
12,6,0.08,1,21466821,4.378581537237914e-06,4.1627520018800825e-06,-23.58666558519332,-23.806194616626357,-5.184780050801807,5,7,1,1,1,1,0,1,0,1
12,6,0.08,2,21466822,3.5307479131905625e-06,5.546324069785191e-06,-24.521332888992383,-22.55994758341346,36.34075707142536,4,9,1,1,1,1,1,0,0,1
12,6,0.08,3,21466823,4.022691163778974e-06,6.313507803616285e-06,-23.954833084715254,-21.997292783996865,36.284371716863404,4,9,1,1,1,1,1,0,0,1
12,6,0.08,4,21466824,1.965056045406466e-06,3.291240304551698e-06,-27.066250585894927,-24.82640407243536,40.294361287176585,5,9,1,1,1,1,1,0,0,1
12,6,0.08,5,21466825,2.476892586819192e-06,3.823004717315053e-06,-26.06092826665348,-24.175951660922372,35.21084147239172,4,7,1,1,1,1,1,0,0,1
12,6,0.08,6,21466826,1.9367221230577447e-06,2.167867595629852e-06,-27.129326864981046,-26.639672462311168,10.662342711246175,6,8,1,1,1,1,1,0,0,1
12,6,0.08,7,21466827,3.1535149500764652e-06,6.402367617259172e-06,-25.01205105777266,-21.936593927405532,50.74455047574303,4,10,1,1,1,1,1,0,0,1
12,6,0.08,8,21466828,4.181926983621241e-06,5.467429936457297e-06,-23.78623554226911,-22.622167736135886,23.512015110869747,6,8,1,1,1,1,1,0,0,1
12,6,0.08,9,21466829,4.705792091426674e-06,7.001424995973568e-06,-23.273672644827247,-21.548135592850475,32.7880810815953,3,8,1,1,1,1,1,0,0,1
12,6,0.08,10,21466830,3.128299282515818e-06,7.828083126298539e-06,-25.046917049320253,-21.06344571222892,60.03748003127025,4,11,1,1,1,1,1,0,0,1
12,6,0.08,11,21466831,4.120922174030715e-06,5.9102750671246556e-06,-23.8500558729734,-22.283923063684096,30.275289606181722,4,10,1,1,1,1,1,0,0,1
12,6,0.08,12,21466832,3.0839489637549766e-06,5.562665466333175e-06,-25.108928176972775,-22.547170573509415,44.559870040362696,3,9,1,1,1,1,1,0,0,1
12,6,0.08,13,21466833,3.52010864797142e-06,4.339774918805553e-06,-24.53443931838271,-23.625327944634368,18.887299138079076,4,7,1,1,1,1,1,0,0,1
12,6,0.08,14,21466834,5.318914961481967e-06,7.110054904205674e-06,-22.741769531000557,-21.481270456132023,25.191647137130097,3,9,1,1,1,1,1,0,0,1
12,6,0.08,15,21466835,5.841459510338245e-06,8.218973756141541e-06,-22.33478629241404,-20.85182406288274,28.92714244313926,6,12,1,1,1,1,1,0,0,1
12,6,0.08,16,21466836,2.079763595463703e-06,3.1638368038296886e-06,-26.81986028027882,-24.997859262565783,34.26451095877517,3,8,1,1,1,1,1,0,0,1
12,6,0.08,17,21466837,2.9893014294877075e-06,5.1560116201891e-06,-25.24430290192306,-22.876861125408382,42.02298889741305,4,8,1,1,1,1,1,0,0,1
12,6,0.08,18,21466838,4.050637660100996e-06,7.187044874030807e-06,-23.924766038311557,-21.434496435134875,43.63973328262772,5,8,1,1,1,1,1,0,0,1
12,6,0.08,19,21466839,4.353745518177848e-06,6.836571387850031e-06,-23.611369596038493,-21.65161646913848,36.31682796561836,3,19,1,1,1,1,1,0,0,1
12,6,0.08,20,21466840,5.56773034473286e-06,8.840698877087698e-06,-22.54321806556691,-20.53513401676351,37.02160403672769,4,7,1,1,1,1,1,0,0,1
12,6,0.08,21,21466841,3.648825877492457e-06,5.918574552908123e-06,-24.378468607374295,-22.277828774576285,38.34958325058882,6,7,1,1,1,1,1,0,0,1
12,6,0.08,22,21466842,3.6117693960915586e-06,4.354296403185193e-06,-24.42279986266078,-23.61082011242017,17.052743734911385,6,7,1,1,1,1,1,0,0,1
12,6,0.08,23,21466843,2.8935975806387465e-06,4.460181272798107e-06,-25.38561867363551,-23.506474901272952,35.12376731667142,4,8,1,1,1,1,1,0,0,1
12,6,0.08,24,21466844,2.6203486456782247e-06,5.396806248096506e-06,-25.816409205807776,-22.678631733546467,51.44630870151322,4,8,1,1,1,1,1,0,0,1
12,6,0.08,25,21466845,3.2788257828853307e-06,3.936497202698939e-06,-24.842816585186856,-24.048900528343957,16.707021139572912,4,7,1,1,1,1,1,0,0,1
12,6,0.08,26,21466846,3.921674098028146e-06,5.721985957607573e-06,-24.06528500242159,-22.424532123365978,31.463059729915127,3,10,1,1,1,1,1,0,0,1
12,6,0.08,27,21466847,3.485903526722495e-06,5.707087203735907e-06,-24.57684636271302,-22.435854914230124,38.9197430794365,3,9,1,1,1,1,1,0,0,1
12,6,0.08,28,21466848,3.9728908747023295e-06,4.333723906369179e-06,-24.00893363755482,-23.631387602427274,8.326165659435324,4,7,1,1,1,1,1,0,0,1
12,6,0.08,29,21466849,4.184213841567242e-06,6.275974390196778e-06,-23.783861281944468,-22.02318837267847,33.32965398802321,3,13,1,1,1,1,1,0,0,1
12,6,0.08,30,21466850,3.665829082595894e-06,5.423545033994824e-06,-24.358277876596368,-22.65716749360918,32.40898601157642,3,11,1,1,1,1,1,0,0,1
12,6,0.08,31,21466851,3.848151607021657e-06,4.5045813710850645e-06,-24.147478262402785,-23.463455635474144,14.572492091652158,5,11,1,1,1,1,1,0,0,1
12,6,0.08,32,21466852,2.6587895337954638e-06,5.03770129062117e-06,-25.753160394750832,-22.97767587469294,47.2221678021004,3,9,1,1,1,1,1,0,0,1
12,6,0.08,33,21466853,3.5072903995804927e-06,4.485494188085091e-06,-24.550282735499316,-23.48189701709093,21.808160873399885,6,9,1,1,1,1,1,0,0,1
12,6,0.08,34,21466854,3.890871473812979e-06,7.179196631834666e-06,-24.099531149006282,-21.43924151562946,45.80352547303535,4,8,1,1,1,1,1,0,0,1
12,6,0.08,35,21466855,2.8465301833800697e-06,4.197022441982858e-06,-25.45684206756382,-23.770587085575684,32.1773895010377,3,10,1,1,1,1,1,0,0,1
12,6,0.08,36,21466856,3.389730227882036e-06,3.1683431185470348e-06,-24.69834863804056,-24.99167792226958,-6.987472664782813,4,7,1,1,1,1,0,1,0,1
12,6,0.08,37,21466857,4.7511763387441674e-06,7.38919935369001e-06,-23.231988505485187,-21.314026164241,35.70106703953615,3,9,1,1,1,1,1,0,0,1
12,6,0.08,38,21466858,3.83601243076215e-06,3.965589512432338e-06,-24.16119994149273,-24.016922426551517,3.2675364221122014,4,7,1,1,1,1,1,0,0,1
12,6,0.08,39,21466859,5.199921253486935e-06,7.753822795789448e-06,-22.840032331796323,-21.10484128488753,32.93732149371992,5,11,1,1,1,1,1,0,0,1
12,6,0.08,40,21466860,2.6830084683553636e-06,3.3639183394455434e-06,-25.713779565661522,-24.731545554302038,20.24156957396328,3,7,1,1,1,1,1,0,0,1
12,6,0.08,41,21466861,6.0227776983672925e-06,7.639730229045379e-06,-22.202031664083858,-21.169219767784327,21.165047484669266,4,9,1,1,1,1,1,0,0,1
12,6,0.08,42,21466862,2.2917306305773944e-06,3.419013910382737e-06,-26.39836430565378,-24.660991322568787,32.97100594946542,4,7,1,1,1,1,1,0,0,1
12,6,0.08,43,21466863,3.1031939981661707e-06,5.315818051562543e-06,-25.08191073368632,-22.74429892393468,41.62339703756393,3,7,1,1,1,1,1,0,0,1
12,6,0.08,44,21466864,3.4610023062817626e-06,9.472425440680046e-06,-24.607981113082676,-20.235388044566292,63.462343114169826,3,11,1,1,1,1,1,0,0,1
12,6,0.08,45,21466865,3.4289234751447626e-06,6.563959572321604e-06,-24.648422071257116,-21.82834102447054,47.76135597172807,4,7,1,1,1,1,1,0,0,1
12,6,0.08,46,21466866,6.915349112050339e-06,1.013402508888076e-05,-21.6018589023148,-19.942180248579604,31.761081589999332,3,11,1,1,1,1,1,0,0,1
12,6,0.08,47,21466867,5.2593226197914055e-06,8.298644087840573e-06,-22.790701876771937,-20.809928610303583,36.624313994890734,3,8,1,1,1,1,1,0,0,1
12,6,0.08,48,21466868,1.7740145756759354e-06,3.46717664777923e-06,-27.510428162350568,-24.60024031086202,48.83402964737278,4,7,1,1,1,1,1,0,0,1
12,6,0.08,49,21466869,3.192931379409588e-06,4.279134111916631e-06,-24.958104149600846,-23.686441021226038,25.38370390126734,4,15,1,1,1,1,1,0,0,1
12,6,0.08,50,21466870,3.5916187784792315e-06,5.790396554129458e-06,-24.447097664337708,-22.372916926848617,37.9728357996855,5,8,1,1,1,1,1,0,0,1
12,8,0.08,1,21468821,2.609418623186173e-06,2.609422869147752e-06,-25.83456242419278,-25.834555357499198,0.00016271650061608313,3,7,1,1,1,1,1,0,0,1
12,8,0.08,2,21468822,4.5114560448535535e-06,5.202082449345348e-06,-23.45683269609753,-22.838227688237367,13.275960371960384,12,15,1,1,1,1,1,0,0,1
12,8,0.08,3,21468823,2.216598483768411e-06,2.4545721773488822e-06,-26.543129681738034,-26.10024192831392,9.695119001857998,5,13,1,1,1,1,1,0,0,1
12,8,0.08,4,21468824,2.065825320077681e-06,2.0658259837455297e-06,-26.849064038878524,-26.849062643662602,3.212602870835691e-05,3,8,1,1,1,1,0,0,1,1
12,8,0.08,5,21468825,1.807390314398618e-06,3.1770805257348185e-06,-27.42948049384381,-24.97971777480349,43.111598848109416,3,12,1,1,1,1,1,0,0,1
12,8,0.08,6,21468826,4.4027273654493165e-06,5.561518549343088e-06,-23.562782069653842,-22.548066099367418,20.835877352789637,5,9,1,1,1,1,1,0,0,1
12,8,0.08,7,21468827,1.878365574887338e-06,2.7460093408144553e-06,-27.262198797454417,-25.61297989802368,31.596533669101703,4,9,1,1,1,1,1,0,0,1
12,8,0.08,8,21468828,8.175153421391115e-06,1.1607924953504106e-05,-20.875040882776645,-19.35245408322251,29.57265442241453,5,13,1,1,1,1,1,0,0,1
12,8,0.08,9,21468829,4.947654526205402e-06,5.9245223315856e-06,-23.056006329315085,-22.273466591776344,16.4885496366887,4,8,1,1,1,1,1,0,0,1
12,8,0.08,10,21468830,2.9432040700349594e-06,5.507726687828432e-06,-25.3117962460867,-22.590276190529135,46.562270845080796,5,19,1,1,1,1,1,0,0,1
12,8,0.08,11,21468831,2.75719345320404e-06,3.922247805921078e-06,-25.595327613836886,-24.064649712637678,29.70374158813363,3,9,1,1,1,1,1,0,0,1
12,8,0.08,12,21468832,2.2614261732499552e-06,2.5353897469397663e-06,-26.456175857086947,-25.959552702814612,10.80558024739538,4,8,1,1,1,1,1,0,0,1
12,8,0.08,13,21468833,3.363432573862837e-06,4.916445654337244e-06,-24.73217274118482,-23.08348757102259,31.588126660250037,3,11,1,1,1,1,1,0,0,1
12,8,0.08,14,21468834,7.65164562876699e-06,1.0691018198219051e-05,-21.16245151691633,-19.70980931198127,28.429215188861725,4,16,1,1,1,1,1,0,0,1
12,8,0.08,15,21468835,3.3368712763596406e-06,4.502604388611044e-06,-24.76660546430303,-23.46536209686171,25.890196242868377,4,13,1,1,1,1,1,0,0,1
12,8,0.08,16,21468836,2.2686466759094027e-06,3.858647985489581e-06,-26.442331368393106,-24.135648391877492,41.20617676345101,4,10,1,1,1,1,1,0,0,1
12,8,0.08,17,21468837,4.37328499214961e-06,4.373333200069099e-06,-23.591922202346034,-23.59187432913845,0.0011023152658090419,3,8,1,1,1,1,1,0,0,1
12,8,0.08,18,21468838,2.924885252809404e-06,3.459968918862551e-06,-25.338911672054607,-24.60927802486736,15.464984761454257,4,8,1,1,1,1,1,0,0,1
12,8,0.08,19,21468839,1.9679813202445406e-06,2.5530174871844367e-06,-27.05979028137005,-25.92946210435979,22.915478247863312,4,8,1,1,1,1,1,0,0,1
12,8,0.08,20,21468840,4.2789635495868785e-06,5.536070458811842e-06,-23.68661413044159,-22.56798391152733,22.707567011254493,5,12,1,1,1,1,1,0,0,1
12,8,0.08,21,21468841,2.2496023607129088e-06,2.6744425526449457e-06,-26.47894240915226,-25.72766726367675,15.885186672335973,4,8,1,1,1,1,1,0,0,1
12,8,0.08,22,21468842,2.038914311146299e-06,3.519748489713212e-06,-26.906010258051396,-24.534883687469264,42.0721589310937,3,10,1,1,1,1,1,0,0,1
12,8,0.08,23,21468843,2.223049588533211e-06,3.1156481996699716e-06,-26.530508495879456,-25.064515861623484,28.648889538661972,3,12,1,1,1,1,1,0,0,1
12,8,0.08,24,21468844,5.11613269972907e-06,1.0306508663649385e-05,-22.91058199531015,-19.868884273353913,50.360176596237174,3,11,1,1,1,1,1,0,0,1
12,8,0.08,25,21468845,5.572999377556424e-06,6.492732870916305e-06,-22.539110054497797,-21.875724648422473,14.165583455308255,12,11,1,1,1,1,1,0,0,1
12,8,0.08,26,21468846,2.506969886480572e-06,2.9990294933074896e-06,-26.008508827206285,-25.230192632442364,16.40729469066502,6,7,1,1,1,1,1,0,0,1
12,8,0.08,27,21468847,4.535305244494786e-06,6.730791048724218e-06,-23.43393477834646,-21.71933891510497,32.6185405004598,6,8,1,1,1,1,1,0,0,1
12,8,0.08,28,21468848,5.423635903303878e-06,8.054906106807574e-06,-22.65709472993035,-20.93939517632475,32.66667753308618,5,10,1,1,1,1,1,0,0,1
12,8,0.08,29,21468849,2.121371831221021e-06,2.420898182212663e-06,-26.733832022546355,-26.160234756689917,12.372529881363262,4,11,1,1,1,1,1,0,0,1
12,8,0.08,30,21468850,3.7983109437388238e-06,4.252767184703849e-06,-24.204094851960733,-23.713283918371136,10.686130258895718,3,8,1,1,1,1,1,0,0,1
12,8,0.08,31,21468851,2.8694963674180665e-06,3.5533334257318563e-06,-25.421943207031482,-24.493640387360035,19.244944855490008,4,10,1,1,1,1,1,0,0,1
12,8,0.08,32,21468852,4.021688319415613e-06,4.389937104990056e-06,-23.955915902293366,-23.575417018880444,8.388475205165314,6,12,1,1,1,1,1,0,0,1
12,8,0.08,33,21468853,2.0136653434622835e-06,2.280145500707758e-06,-26.960127043703736,-26.42037438903799,11.68698037746973,4,7,1,1,1,1,1,0,0,1
12,8,0.08,34,21468854,3.991367751646936e-06,7.684135881190573e-06,-23.98878255890982,-21.144049639652778,48.05703837933021,6,9,1,1,1,1,1,0,0,1
12,8,0.08,35,21468855,3.75933127883043e-06,3.7595116844160298e-06,-24.248894018124737,-24.248685610659045,0.004798644099110389,3,9,1,1,1,1,1,0,0,1
12,8,0.08,36,21468856,3.752659245366333e-06,5.173546032550816e-06,-24.256608692601898,-22.86211682346935,27.464465924234084,5,10,1,1,1,1,1,0,0,1
12,8,0.08,37,21468857,2.321585560734124e-06,2.8547101893423923e-06,-26.34215306023239,-25.44437974828993,18.67526274991432,7,8,1,1,1,1,1,0,0,1
12,8,0.08,38,21468858,2.5431073679001906e-06,3.698654519915905e-06,-25.946353038816063,-24.319562329185356,31.242365184245095,4,8,1,1,1,1,1,0,0,1
12,8,0.08,39,21468859,2.4965363760291222e-06,4.7363937634615e-06,-26.02662101632253,-23.245521994038405,47.29035420812273,5,8,1,1,1,1,1,0,0,1
12,8,0.08,40,21468860,3.0965602932363806e-06,6.394866660504812e-06,-25.09120459408671,-21.941685065740216,51.57740641629051,6,15,1,1,1,1,1,0,0,1
12,8,0.08,41,21468861,3.034099985261096e-06,5.3380398914211485e-06,-25.179701116403628,-22.72618185033459,43.16078472667003,3,11,1,1,1,1,1,0,0,1
12,8,0.08,42,21468862,2.867474245281436e-06,3.777936962683844e-06,-25.425004741005868,-24.22745292837414,24.0994682122916,3,7,1,1,1,1,1,0,0,1
12,8,0.08,43,21468863,5.304980116292444e-06,5.392024835017955e-06,-22.753162395478725,-22.68248116159974,1.6143234014837573,4,6,1,1,1,1,1,0,0,1
12,8,0.08,44,21468864,7.1583087623057255e-06,9.94709181093291e-06,-21.45189572937689,-20.023038735333387,28.036164756838936,6,12,1,1,1,1,1,0,0,1
12,8,0.08,45,21468865,2.9510953272564647e-06,4.5004590771901615e-06,-25.300167615495862,-23.46743182997695,34.42679343061673,7,9,1,1,1,1,1,0,0,1
12,8,0.08,46,21468866,6.1799663900042855e-06,1.0110405738669228e-05,-22.090138868327646,-19.952314154743434,38.875189089911665,4,19,1,1,1,1,1,0,0,1
12,8,0.08,47,21468867,1.3517684463274378e-06,1.7153710755275799e-06,-28.69097695298809,-27.656419172411532,21.196733137657255,5,7,1,1,1,1,1,0,0,1
12,8,0.08,48,21468868,3.4347990311163515e-06,3.4348193246956185e-06,-24.640986682785222,-24.640961023748467,0.0005908194099499319,4,10,1,1,1,1,1,0,0,1
12,8,0.08,49,21468869,3.4184107258800537e-06,3.946077528190765e-06,-24.661757575114738,-24.038343864597316,13.37193196385681,4,8,1,1,1,1,1,0,0,1
12,8,0.08,50,21468870,4.842253135856117e-06,5.515614020158619e-06,-23.149525109223916,-22.584061331380283,12.208266964321373,9,25,1,0,1,1,1,0,0,1
